Player,Span,Mat,Inns,NO,Runs,HS,Ave,100,50,0,Bat
B Mitchell (SA),1931-1949,15,26,4,1431,189*,65.04,5,5,0,1
JB Hobbs (Eng),1908-1930,54,87,5,4768,211,58.14,13,26,3,1
RB Simpson (Aus),1961-1968,17,28,1,1567,225,58.03,4,9,0,1
L Hutton (Eng),1938-1955,69,120,12,6236,364,57.74,16,30,4,1
V Sehwag (India),2002-2012,15,21,0,1159,254,55.19,3,5,3,1
H Sutcliffe (Eng),1924-1935,15,20,2,979,194,54.38,5,2,1,1
BC Broad (Eng),1986-1988,13,21,2,1023,162,53.84,5,3,1,1
ST Jayasuriya (SL),1996-2005,26,41,3,2002,340,52.68,6,8,5,1
EAB Rowan (SA),1948-1951,12,23,2,1106,236,52.66,3,6,2,1
MA Taylor (Aus),1989-1999,85,90,10,4160,334*,52,15,17,3,1
JL Langer (Aus),1993-2007,59,105,8,4879,250,50.29,15,17,5,1
WM Lawry (Aus),1961-1971,42,74,9,3255,210,50.07,9,18,4,1
WM Woodfull (Aus),1926-1934,22,35,3,1597,161,49.9,6,8,4,1
Sadiq Mohammad (Pak),1969-1976,15,26,1,1232,166,49.28,4,4,0,1
Saeed Anwar (Pak),1990-2001,42,67,1,3243,188*,49.13,10,19,7,1
DC Boon (Aus),1985-1993,21,27,3,1162,184*,48.41,4,5,3,1
DL Amiss (Eng),1974-1977,19,31,4,1305,188,48.33,4,4,5,1
SM Gavaskar (India),1971-1987,110,186,9,8511,221,48.08,29,35,11,1
GC Smith (ICC/SA),2002-2014,96,128,7,5806,277,47.98,19,23,8,1
CC Hunte (WI),1958-1967,40,71,6,3100,260,47.69,8,12,3,1
M Vijay (India),2009-2015,26,44,1,2037,167,47.37,5,11,3,1
MJ Slater (Aus),1993-2001,62,66,0,3100,219,46.96,8,14,5,1
HL Collins (Aus),1920-1926,16,24,1,1072,203,46.6,4,3,0,1
IR Redpath (Aus),1968-1976,16,28,1,1253,135,46.4,5,5,1,1
AF Rae (WI),1948-1953,15,24,2,1016,109,46.18,4,4,1,1
TL Goddard (SA),1963-1967,17,32,3,1334,112,46,1,11,0,1
CH Gayle (WI),2001-2014,75,125,5,5479,333,45.65,12,27,8,1
KC Wessels (Aus/SA),1982-1993,21,30,2,1276,179,45.57,3,5,1,1
CJL Rogers (Aus),2008-2015,23,40,1,1764,173,45.23,5,11,1,1
G Gambhir (India),2004-2012,42,75,3,3249,206,45.12,7,18,5,1
RJ Shastri (India),1982-1992,14,22,1,945,206,45,3,3,1,1
CG Greenidge (WI),1974-1991,92,151,15,6116,226,44.97,15,26,8,1
B Sutcliffe (NZ),1949-1958,15,28,1,1214,137*,44.96,3,6,0,1
DJ McGlew (SA),1952-1962,31,57,5,2316,255*,44.53,7,10,4,1
GA Gooch (Eng),1978-1995,95,176,5,7598,333,44.43,18,39,8,1
G Kirsten (SA),1994-2001,51,72,8,2841,275,44.39,7,14,8,1
Mohsin Khan (Pak),1982-1986,26,42,5,1642,200,44.37,6,6,3,1
G Boycott (Eng),1964-1981,67,117,12,4611,142*,43.91,13,27,8,1
GM Turner (NZ),1969-1983,24,40,3,1610,259,43.51,4,7,0,1
MH Richardson (NZ),2000-2004,31,54,2,2261,145,43.48,3,16,1,1
Aamer Sohail (Pak),1992-1998,17,30,1,1244,205,42.89,3,5,2,1
RC Fredericks (WI),1969-1977,57,105,7,4194,169,42.79,8,25,7,1
AN Cook (Eng),2007-2016,42,74,2,3043,263,42.26,8,15,4,1
ME Trescothick (Eng),2002-2006,51,99,7,3861,219,41.96,9,18,11,1
SR Watson (Aus),2009-2013,27,50,2,2006,126,41.79,2,15,3,1
Hanif Mohammad (Pak),1954-1969,32,56,2,2248,337,41.62,6,9,4,1
TWM Latham (NZ),2014-2016,16,22,1,854,137,40.66,3,3,1,1
G Pullar (Eng),1959-1963,20,36,3,1340,175,40.6,2,8,1,1
CC McDonald (Aus),1952-1961,42,73,3,2816,170,40.22,5,15,2,1
HW Taylor (SA),1912-1928,13,23,0,923,109,40.13,2,6,0,1
RB McCosker (Aus),1975-1980,13,21,3,719,127,39.94,2,4,3,1
Mohammad Hafeez (Pak),2006-2015,33,63,5,2313,197,39.87,5,10,3,1
HH Gibbs (SA),2001-2007,19,29,0,1156,196,39.86,3,5,3,1
MH Mankad (India),1947-1956,21,34,1,1315,231,39.84,5,1,4,1
JH Edrich (Eng),1967-1976,19,35,2,1301,164,39.42,2,8,2,1
Majid Khan (Pak),1973-1979,22,41,2,1524,167,39.07,4,4,3,1
Tamim Iqbal (Ban),2008-2015,37,70,1,2696,206,39.07,5,17,5,1
KR Stackpole (Aus),1969-1974,24,45,3,1595,142,37.97,4,9,3,1
MS Atapattu (SL),1997-2007,47,83,7,2869,207*,37.75,9,11,12,1
BM Laird (Aus),1979-1982,11,21,1,755,92,37.75,0,6,0,1
AJ Strauss (Eng),2006-2012,67,116,4,4195,169,37.45,11,18,10,1
PE Richardson (Eng),1956-1963,33,54,0,2021,126,37.42,5,9,1,1
FDM Karunaratne (SL),2012-2015,19,35,1,1250,186,36.76,3,4,3,1
JHW Fingleton (Aus),1932-1938,14,24,1,835,118,36.3,3,3,3,1
FM Engineer (India),1967-1975,12,23,0,825,121,35.86,1,4,2,1
CA Roach (WI),1930-1935,11,20,0,709,209,35.45,2,4,3,1
MA Atherton (Eng),1990-2001,53,92,2,3178,185*,35.31,8,13,9,1
W Jaffer (India),2000-2008,24,39,0,1358,212,34.82,4,6,1,1
DL Haynes (WI),1980-1994,28,43,7,1241,143*,34.47,2,6,1,1
ML Hayden (Aus),1996-2009,29,37,3,1167,137,34.32,2,6,7,1
BA Young (NZ),1994-1999,32,47,3,1491,267*,33.88,2,8,4,1
AC MacLaren (Eng),1894-1909,23,35,2,1109,124,33.6,2,6,2,1
JG Wright (NZ),1978-1993,42,74,3,2366,138,33.32,6,9,4,1
NT Paranavitana (SL),2009-2012,27,50,5,1495,111,33.22,2,10,8,1
RS Mahanama (SL),1987-1995,30,52,0,1721,153,33.09,3,9,3,1
G Fowler (Eng),1983-1985,16,27,0,890,201,32.96,3,3,3,1
GR Marsh (Aus),1985-1992,42,58,3,1805,138,32.81,3,8,2,1
WG Grace (Eng),1882-1899,16,24,1,749,170,32.56,1,4,1,1
VT Trumper (Aus),1902-1912,21,33,0,1062,159,32.18,3,4,3,1
Mudassar Nazar (Pak),1977-1989,43,66,3,1996,124,31.68,4,10,6,1
ML Jaisimha (India),1961-1965,14,24,1,719,129,31.26,2,2,3,1
P Roy (India),1951-1960,31,60,4,1750,150,31.25,2,8,9,1
GM Wood (Aus),1978-1985,31,54,3,1576,172,30.9,4,5,7,1
KC Brathwaite (WI),2011-2016,15,28,0,847,116,30.25,2,3,2,1
DA Warner (Aus),2011-2016,23,23,1,659,122*,29.95,2,2,1,1
AC Hudson (SA),1992-1997,25,38,2,1074,146,29.83,2,8,5,1
Imran Farhat (Pak),2001-2010,20,38,1,1097,117*,29.64,2,5,1,1
SL Campbell (WI),1995-2001,37,69,3,1941,208,29.4,3,11,4,1
MA Butcher (Eng),1997-2002,25,48,1,1376,116,29.27,2,6,1,1
AN Petersen (SA),2010-2015,26,27,2,730,182,29.2,1,1,1,1
S Wettimuny (SL),1982-1987,19,35,0,990,190,28.28,2,4,5,1
Khurram Manzoor (Pak),2009-2014,13,23,1,619,146,28.13,1,4,1,1
K Srikkanth (India),1986-1992,15,27,2,699,94,27.96,0,5,3,1
IJ Siedle (SA),1929-1936,10,20,0,552,59,27.6,0,3,2,1
JKC Holt (WI),1954-1959,13,23,0,625,166,27.17,1,2,2,1
MJ Guptill (NZ),2009-2016,24,30,0,785,156,26.16,1,5,4,1
TG McIntosh (NZ),2008-2011,16,26,2,623,136,25.95,2,2,4,1
GT Dowling (NZ),1962-1972,27,52,0,1340,129,25.76,1,7,4,1
Salman Butt (Pak),2004-2007,13,24,0,617,108,25.7,1,4,4,1
SS Das (India),2001-2002,16,28,0,715,84,25.53,0,5,3,1
TJ Franklin (NZ),1983-1991,19,33,1,765,101,23.9,1,4,2,1
MJ Horne (NZ),1997-2003,14,21,0,493,100,23.47,1,1,1,1
DD Ebrahim (Zim),2001-2005,10,20,0,464,71,23.2,0,5,4,1
AC Bannerman (Aus),1880-1893,17,29,1,627,91,22.39,0,5,3,1
GW Flower (Zim),1993-2000,30,52,1,1125,156*,22.05,2,4,10,1
Hannan Sarkar (Ban),2002-2004,15,28,0,612,76,21.85,0,5,5,1
AB Barath (WI),2011-2012,11,21,0,457,64,21.76,0,3,2,1
WU Tharanga (SL),2005-2015,12,22,0,463,92,21.04,0,2,3,1
Javed Omar (Ban),2001-2007,23,44,1,839,71,19.51,0,4,4,1
H Sutcliffe (Eng),1924-1935,40,63,7,3543,176,63.26,11,21,1,2
DL Amiss (Eng),1972-1976,20,38,4,1971,262*,57.97,7,5,1,2
DA Warner (Aus),2011-2016,49,69,3,3819,253,57.86,14,18,4,2
G Boycott (Eng),1965-1982,41,74,11,3480,246*,55.23,9,15,2,2
RB Simpson (Aus),1960-1967,24,42,3,2097,311,53.76,4,10,3,2
ML Hayden (Aus),1994-2008,85,137,10,6601,203,51.97,25,20,7,2
EJ Barlow (SA),1961-1970,23,43,2,2081,201,50.75,5,12,2,2
SM Katich (Aus),2008-2010,33,61,3,2928,157,50.48,8,17,2,2
V Sehwag (ICC/India),2002-2013,82,140,4,6770,319,49.77,19,23,12,2
GM Turner (NZ),1969-1976,15,27,2,1218,223*,48.72,3,5,1,2
JH Edrich (Eng),1963-1975,28,47,3,2129,310*,48.38,6,6,1,2
HH Gibbs (SA),1998-2008,51,81,5,3672,228,48.31,9,15,6,2
B Mitchell (SA),1929-1935,12,22,2,959,128,47.95,2,7,1,2
AJ Strauss (Eng),2004-2006,26,50,2,2283,147,47.56,9,6,4,2
AN Cook (Eng),2006-2015,78,133,8,5942,294,47.53,16,30,4,2
MC Cowdrey (Eng),1956-1975,22,34,2,1498,182,46.81,5,5,3,2
R Dravid (India),1996-2011,14,20,4,735,146*,45.93,4,1,0,2
CG Greenidge (WI),1974-1977,16,31,1,1372,134,45.73,4,8,3,2
AJ Stewart (Eng),1992-1999,43,73,2,3231,190,45.5,8,17,4,2
MP Vaughan (Eng),2002-2008,34,66,3,2857,197,45.34,10,7,5,2
RT Robinson (Eng),1984-1988,20,34,4,1349,175,44.96,4,4,3,2
Mudassar Nazar (Pak),1976-1986,27,43,3,1791,231,44.77,5,5,1,2
GC Smith (SA),2004-2014,54,57,5,2319,234,44.59,4,12,3,2
DL Haynes (WI),1978-1991,94,158,18,6231,184,44.5,16,33,9,2
WH Ponsford (Aus),1926-1934,17,27,2,1109,266,44.36,3,3,0,2
NS Sidhu (India),1983-1999,41,61,1,2648,201,44.13,7,13,6,2
C Washbrook (Eng),1937-1951,32,59,5,2358,195,43.66,6,10,1,2
W Bardsley (Aus),1909-1926,25,34,3,1347,193*,43.45,4,7,3,2
JG Wright (NZ),1979-1993,41,70,3,2894,185,43.19,6,14,3,2
WM Lawry (Aus),1961-1971,28,49,3,1979,205,43.02,4,9,2,2
MA Atherton (Eng),1990-2000,55,99,4,4073,151,42.87,7,31,8,2
BB McCullum (NZ),2004-2014,18,28,2,1113,225,42.8,2,5,1,2
IR Redpath (Aus),1964-1974,17,31,2,1239,159*,42.72,1,10,1,2
DC Boon (Aus),1985-1993,28,36,2,1452,200,42.7,4,5,2,2
AR Morris (Aus),1946-1955,38,64,1,2666,206,42.31,8,10,3,2
Shoaib Mohammad (Pak),1983-1995,22,30,4,1086,203*,41.76,4,2,3,2
GW Flower (Zim),1992-2000,18,32,2,1248,201*,41.6,3,4,2,2
RW Barber (Eng),1961-1966,18,28,1,1122,185,41.55,1,8,1,2
BW Luckhurst (Eng),1970-1974,12,20,2,735,131,40.83,3,2,2,2
TM Dilshan (SL),2009-2013,25,46,2,1788,193,40.63,6,8,3,2
JB Stollmeyer (WI),1939-1955,30,52,3,1926,160,39.3,3,11,2,2
MJ Slater (Aus),1993-2001,60,63,6,2208,168,38.73,6,7,4,2
Shahid Afridi (Pak),1998-2005,14,21,0,813,141,38.71,2,5,2,2
ME Trescothick (Eng),2000-2001,19,36,2,1311,122,38.55,2,9,1,2
CJ Tavare (Eng),1982-1984,12,21,1,767,109,38.35,1,6,1,2
AN Petersen (SA),2010-2015,30,34,0,1298,156,38.17,4,7,2,2
S Dhawan (India),2013-2015,16,26,1,951,187,38.04,3,1,3,2
GM Wood (Aus),1978-1985,23,38,1,1382,126,37.35,4,7,0,2
G Kirsten (SA),1993-2002,48,72,3,2555,180,37.02,6,13,5,2
NJ Contractor (India),1955-1962,24,39,0,1420,108,36.41,1,11,2,2
MA Taylor (Aus),1989-1999,86,96,3,3365,219,36.18,4,23,2,2
Salman Butt (Pak),2005-2010,18,30,0,1076,122,35.86,2,6,2,2
S Ramesh (India),1999-2001,11,21,1,716,110,35.8,1,4,2,2
ST Jayasuriya (SL),1994-2007,54,91,4,3066,253,35.24,5,14,5,2
JK Silva (SL),2013-2015,19,32,0,1127,125,35.21,1,9,2,2
MC Carew (WI),1963-1972,16,30,2,981,109,35.03,1,4,1,2
GR Marsh (Aus),1985-1992,27,33,4,1014,118,34.96,1,7,1,2
Aamer Sohail (Pak),1993-2000,21,30,1,1001,160,34.51,1,6,2,2
Imtiaz Ahmed (Pak),1954-1962,16,29,1,964,135,34.42,2,5,2,2
CPS Chauhan (India),1969-1981,36,60,2,1994,97,34.37,0,16,5,2
WW Hinds (WI),2001-2005,13,20,0,682,113,34.1,2,3,1,2
Imran Farhat (Pak),2002-2013,20,38,1,1260,128,34.05,1,9,2,2
MS Atapattu (SL),1997-2005,22,34,3,1053,108,33.96,1,5,2,2
W Rhodes (Eng),1904-1921,23,38,3,1185,179,33.85,1,8,3,2
JW Burke (Aus),1956-1959,18,33,6,895,189,33.14,1,5,0,2
AD Gaekwad (India),1976-1985,29,49,3,1441,201,31.32,1,8,2,2
A Turner (Aus),1975-1977,13,25,1,745,136,31.04,1,3,2,2
Rameez Raja (Pak),1987-1997,32,49,3,1425,88,30.97,0,13,5,2
K Srikkanth (India),1981-1991,28,45,1,1363,123,30.97,2,7,4,2
UC Hathurusingha (SL),1991-1996,24,41,1,1232,83,30.8,0,8,1,2
BA Edgar (NZ),1978-1986,32,55,3,1567,129,30.13,2,11,6,2
FM Engineer (India),1965-1975,15,25,0,752,109,30.08,1,5,3,2
Mohsin Khan (Pak),1979-1986,17,29,1,813,129,29.03,1,3,0,2
Taufeeq Umar (Pak),2002-2014,27,50,3,1363,236,29,2,5,6,2
J Arun Lal (India),1982-1989,13,24,1,649,93,28.21,0,6,1,2
TL Goddard (SA),1955-1970,22,42,2,1126,99,28.15,0,7,3,2
SC Williams (WI),1994-2002,17,29,2,753,128,27.88,1,2,4,2
J Dyson (Aus),1980-1984,17,30,5,697,127*,27.88,1,2,3,2
BC Broad (Eng),1984-1989,12,23,0,638,116,27.73,1,3,2,2
HD Rutherford (NZ),2013-2015,14,25,1,663,171,27.62,1,1,2,2
Sadiq Mohammad (Pak),1969-1981,26,46,0,1248,105,27.13,1,5,6,2
PV Simmons (WI),1988-1994,13,23,1,596,110,27.09,1,2,0,2
MJ Horne (NZ),1997-2003,16,26,1,673,133,26.92,1,3,1,2
EDAS McMorris (WI),1958-1966,13,21,0,564,125,26.85,1,3,1,2
MJ Guptill (NZ),2009-2016,25,30,0,805,97,26.83,0,5,2,2
JHB Waite (SA),1951-1954,14,24,1,606,76,26.34,0,4,3,2
JM Brearley (Eng),1976-1981,16,29,1,693,91,24.75,0,3,2,2
DS Smith (WI),2003-2015,27,45,0,1109,108,24.64,1,5,4,2
MD Bell (NZ),1999-2008,14,24,1,566,105,24.6,1,3,5,2
Alimuddin (Pak),1954-1962,18,29,2,663,103*,24.55,1,5,4,2
D Ganga (WI),1999-2008,28,50,2,1170,135,24.37,1,5,6,2
Imrul Kayes (Ban),2008-2015,20,38,1,898,150,24.27,1,3,1,2
CH Gayle (WI),2000-2009,17,26,0,589,81,22.65,0,5,5,2
TE Bailey (Eng),1954-1959,12,20,0,442,80,22.1,0,1,3,2
KOA Powell (WI),2011-2014,14,25,0,529,134,21.16,1,0,2,2
TR Gripper (Zim),1999-2003,14,28,0,508,83,18.14,0,3,3,2
Javed Omar (Ban),2003-2005,13,23,0,412,119,17.91,1,1,1,2
DG Bradman (Aus),1930-1948,40,56,7,5078,334,103.63,20,10,5,3
KF Barrington (Eng),1960-1967,27,40,6,2626,172,77.23,13,7,0,3
WR Hammond (Eng),1928-1937,37,52,6,3440,336*,74.78,14,4,1,3
GA Headley (WI),1930-1948,19,32,3,2064,270*,71.17,10,4,1,3
IVA Richards (WI),1976-1986,45,59,2,3508,291,61.54,12,14,2,3
BC Lara (WI),1992-2006,44,66,4,3749,400*,60.46,9,13,4,3
CG Macartney (Aus),1908-1926,21,28,2,1543,170,59.34,6,6,0,3
AI Kallicharran (WI),1972-1976,16,25,2,1334,158,58,5,6,3,3
HM Amla (SA),2006-2016,71,117,11,5959,311*,56.21,21,26,6,3
KC Sangakkara (SL),2000-2015,105,181,13,9327,287,55.51,28,42,10,3
RT Ponting (Aus),1996-2011,107,187,18,9337,257,55.24,30,40,9,3
JF Reid (NZ),1981-1986,16,24,3,1147,180,54.61,5,2,2,3
FMM Worrell (WI),1950-1954,15,23,2,1133,237,53.95,3,6,1,3
KS Williamson (NZ),2011-2016,34,64,6,3072,242*,52.96,10,13,2,3
DPMD Jayawardene (SL),1998-2013,18,20,2,953,242,52.94,2,6,1,3
RB Kanhai (WI),1957-1973,57,90,1,4689,256,52.68,13,20,4,3
GN Yallop (Aus),1976-1984,14,22,1,1101,268,52.42,3,3,0,3
CL Walcott (WI),1948-1958,15,23,1,1141,155,51.86,4,5,0,3
Younis Khan (Pak),2000-2014,46,78,4,3836,313,51.83,12,11,7,3
ER Dexter (Eng),1959-1968,38,57,3,2798,205,51.81,6,16,3,3
UT Khawaja (Aus),2011-2016,12,22,2,1030,174,51.5,4,3,1,3
WJ Edrich (Eng),1938-1954,25,41,1,2049,219,51.22,6,10,1,3
IM Chappell (Aus),1964-1980,54,91,7,4279,196,50.94,13,22,7,3
GS Ballance (Eng),2014-2015,14,25,2,1169,156,50.82,4,6,3,3
R Dravid (ICC/India),1996-2012,123,204,16,9300,270,49.46,23,45,7,3
TW Graveney (Eng),1951-1969,27,37,4,1632,258,49.45,4,3,1,3
DI Gower (Eng),1981-1990,35,56,3,2619,215,49.41,8,10,1,3
DM Jones (Aus),1986-1988,17,28,4,1167,210,48.62,3,5,3,3
M Amarnath (India),1976-1988,43,66,5,2907,138,47.65,8,18,6,3
Shoaib Mohammad (Pak),1985-1992,16,22,1,998,163,47.52,2,7,1,3
CA Pujara (India),2010-2015,28,44,2,1988,206*,47.33,6,5,1,3
Ijaz Ahmed (Pak),1995-2000,25,39,2,1750,211,47.29,9,4,3,3
VVS Laxman (India),1999-2011,21,33,1,1510,281,47.18,4,8,2,3
RB Richardson (WI),1983-1994,67,107,7,4711,194,47.11,14,21,5,3
AR Border (Aus),1979-1990,21,36,3,1554,163,47.09,4,8,1,3
RN Harvey (Aus),1949-1963,52,79,5,3454,205,46.67,12,14,4,3
SP Fleming (NZ),1994-2008,37,61,6,2522,274*,45.85,5,10,6,3
DC Boon (Aus),1985-1996,66,111,14,4412,164*,45.48,13,20,11,3
MC Cowdrey (Eng),1959-1975,25,36,1,1565,160,44.71,5,9,2,3
IR Redpath (Aus),1964-1975,13,23,3,894,92,44.7,0,9,1,3
Saeed Ahmed (Pak),1958-1969,33,56,2,2370,172,43.88,5,11,2,3
IJL Trott (Eng),2009-2013,43,68,4,2791,184,43.6,6,15,4,3
Azhar Ali (Pak),2010-2015,35,62,4,2520,157,43.44,8,15,5,3
GS Chappell (Aus),1973-1983,24,38,0,1649,204,43.39,5,6,5,3
BE Congdon (NZ),1966-1977,37,62,6,2414,176,43.1,6,16,4,3
JH Kallis (SA),1997-2009,45,73,8,2768,160,42.58,6,15,5,3
AH Jones (NZ),1987-1995,37,66,5,2590,186,42.45,6,10,2,3
PBH May (Eng),1951-1959,28,46,1,1891,138,42.02,5,9,4,3
JL Langer (Aus),1993-2001,37,60,2,2413,223,41.6,7,11,4,3
DM Bravo (WI),2010-2016,20,34,1,1361,218,41.24,2,9,1,3
N Hussain (Eng),1996-2003,37,61,7,2226,155,41.22,6,12,4,3
C Hill (Aus),1898-1912,39,63,2,2514,191,41.21,5,14,7,3
Qasim Umar (Pak),1983-1986,22,36,2,1401,210,41.2,3,5,2,3
HA Gomes (WI),1976-1987,19,28,6,896,143,40.72,2,5,1,3
RM Cowper (Aus),1964-1968,14,21,1,811,143,40.55,2,5,2,3
MW Gatting (Eng),1981-1995,21,37,3,1372,207,40.35,4,6,6,3
DB Vengsarkar (India),1978-1985,49,74,5,2763,159,40.04,8,11,8,3
Zaheer Abbas (Pak),1971-1980,35,60,4,2239,274,39.98,5,9,4,3
RR Sarwan (WI),2001-2011,55,94,1,3716,291,39.95,12,18,6,3
AJ Stewart (Eng),1990-2000,18,31,4,1066,173,39.48,2,4,0,3
B Mitchell (SA),1929-1949,13,23,1,860,120,39.09,1,8,1,3
Majid Khan (Pak),1967-1983,16,21,0,816,110,38.85,1,6,1,3
MS Sinclair (NZ),1999-2010,17,28,2,1006,214,38.69,3,1,1,3
SV Manjrekar (India),1989-1996,23,36,3,1271,218,38.51,2,5,1,3
MW Goodwin (Zim),1998-2000,18,32,3,1109,148*,38.24,2,7,4,3
MA Butcher (Eng),1998-2004,41,73,5,2598,173*,38.2,5,17,7,3
IR Bell (Eng),2005-2015,28,48,2,1748,235,38,2,13,3,3
JH Edrich (Eng),1965-1975,25,38,2,1368,115*,38,3,8,3,3
WL Murdoch (Aus/Eng),1880-1892,16,21,3,684,211,38,2,0,2,3
MP Vaughan (Eng),2000-2008,22,36,1,1330,166,38,5,2,3,3
SR Watson (Aus),2012-2015,14,27,1,987,176,37.96,2,6,3,3
FE Woolley (Eng),1921-1934,17,24,2,832,134*,37.81,2,4,4,3
JA Rudolph (SA),2003-2006,19,32,3,1074,154*,37.03,3,4,5,3
CJ Tavare (Eng),1980-1984,12,21,0,771,149,36.71,1,5,3,3
WJ Cronje (SA),1992-1996,20,31,3,1015,135,36.25,3,2,3,3
AP Gurusinha (SL),1986-1996,32,54,7,1702,143,36.21,4,4,3,3
GP Howarth (NZ),1976-1984,20,33,1,1148,123,35.87,4,2,3,3
WW Hinds (WI),2000-2003,13,21,0,742,165,35.33,2,4,3,3
LG Rowe (WI),1972-1980,14,23,1,774,214,35.18,3,3,2,3
EAB Rowan (SA),1935-1939,11,21,2,665,89*,35,0,5,2,3
DW Randall (Eng),1977-1984,14,24,2,768,174,34.9,2,4,5,3
GA Hick (Eng),1991-1998,20,35,2,1141,110,34.57,2,7,4,3
S Chanderpaul (WI),1995-2001,16,27,2,844,137*,33.76,1,5,2,3
ADR Campbell (Zim),1992-2002,23,36,1,1180,99,33.71,0,10,2,3
PR Umrigar (India),1951-1960,25,36,3,1092,223,33.09,2,5,4,3
AL Wadekar (India),1967-1974,34,59,1,1899,143,32.74,1,13,5,3
BW Sinclair (NZ),1963-1965,14,25,0,817,138,32.68,2,3,3,3
Junaid Siddique (Ban),2008-2010,12,23,0,742,106,32.26,1,5,0,3
NCL O'Neill (Aus),1961-1964,12,21,2,608,88,32,0,5,3,3
Habibul Bashar (Ban),2000-2008,36,68,1,2085,113,31.11,2,15,3,3
Yasir Hameed (Pak),2003-2007,12,21,2,570,91,30,0,4,0,3
JT Tyldesley (Eng),1899-1909,26,44,0,1287,112,29.25,2,9,4,3
Waqar Hasan (Pak),1952-1955,15,22,0,634,97,28.81,0,5,0,3
Mansoor Akhtar (Pak),1980-1990,16,20,3,487,111,28.64,1,2,3,3
GS Blewett (Aus),1997-1998,16,26,0,720,125,27.69,1,4,2,3
G Giffen (Aus),1885-1896,18,29,0,758,161,26.13,1,5,3,3
KJ Hughes (Aus),1978-1981,11,20,0,497,88,24.85,0,2,2,3
SV Carlisle (Zim),2000-2005,13,25,2,570,62*,24.78,0,4,2,3
RP Arnold (SL),1997-2000,13,20,0,431,99,21.55,0,2,2,3
KWR Fletcher (Eng),1971-1982,11,20,1,406,80,21.36,0,4,1,3
CWJ Athey (Eng),1980-1988,12,21,0,435,123,20.71,1,1,2,3
SC Ganguly (India),1996-2008,16,20,2,1188,239,66,3,4,0,4
Saleem Malik (Pak),1982-1998,22,30,4,1680,237,64.61,6,7,2,4
GS Sobers (WI),1956-1969,19,24,0,1530,226,63.75,6,4,2,4
ED Weekes (WI),1948-1958,37,57,4,3372,207,63.62,11,17,3,4
RG Pollock (SA),1963-1970,23,37,4,2065,274,62.57,7,8,1,4
JH Kallis (SA),1998-2013,104,162,21,8662,224,61.43,34,34,10,4
KF Barrington (Eng),1960-1968,33,44,4,2367,256,59.17,7,12,1,4
GS Chappell (Aus),1972-1984,54,86,13,4316,247*,59.12,15,19,6,4
PBH May (Eng),1952-1961,37,49,8,2383,285*,58.12,7,12,3,4
NCL O'Neill (Aus),1958-1965,28,41,6,2010,181,57.42,5,10,3,4
Mohammad Yousuf (Pak),2000-2010,40,62,3,3344,223,56.67,11,12,4,4
Javed Miandad (Pak),1976-1993,101,136,12,6792,280*,54.77,19,30,4,4
VS Hazare (India),1946-1953,23,35,5,1623,164*,54.1,5,7,3,4
Inzamam-ul-Haq (Pak),1995-2005,57,82,3,4264,329,53.97,12,21,7,4
DCS Compton (Eng),1937-1955,57,86,7,4234,278,53.59,13,20,6,4
Younis Khan (Pak),2002-2015,42,71,7,3348,213,52.31,12,12,6,4
AL Hassett (Aus),1938-1953,20,25,2,1182,198*,51.39,3,4,1,4
WR Hammond (Eng),1927-1947,44,66,7,2997,240,50.79,7,15,3,4
SR Tendulkar (India),1992-2013,164,256,22,11864,241*,50.7,36,55,10,4
BC Lara (ICC/WI),1990-2006,87,142,1,7140,277,50.63,22,30,11,4
KD Walters (Aus),1968-1975,18,29,3,1313,112,50.5,4,10,2,4
AR Border (Aus),1981-1992,61,88,13,3783,205,50.44,8,21,3,4
AD Nourse (SA),1935-1951,31,53,5,2400,208,50,7,13,3,4
MH Denness (Eng),1972-1975,14,21,1,998,188,49.9,3,3,0,4
DPMD Jayawardene (SL),1999-2014,104,171,8,8057,374,49.42,24,31,12,4
MD Crowe (NZ),1983-1995,65,103,8,4598,299,48.4,15,15,6,4
DB Vengsarkar (India),1978-1992,43,64,10,2605,166,48.24,7,15,5,4
KP Pietersen (Eng),2006-2014,87,134,4,6267,227,48.2,19,25,8,4
DR Martyn (Aus),1993-2006,37,58,5,2539,165,47.9,7,13,2,4
RN Harvey (Aus),1950-1963,29,41,2,1861,204,47.71,5,8,2,4
LRPL Taylor (NZ),2007-2015,56,99,10,4238,290,47.61,11,16,6,4
V Kohli (India),2013-2015,20,35,1,1616,169,47.52,7,4,2,4
HW Taylor (SA),1921-1932,15,23,1,1043,121,47.4,3,6,1,4
DJ Cullinan (SA),1993-2001,60,94,9,4022,275*,47.31,14,16,8,4
BF Butcher (WI),1959-1969,34,52,3,2318,209*,47.3,5,13,1,4
DL Houghton (Zim),1993-1996,17,26,1,1169,266,46.76,3,4,0,4
EH Hendren (Eng),1920-1935,27,43,5,1756,205*,46.21,3,13,3,4
MEK Hussey (Aus),2006-2010,37,62,7,2531,146,46.01,7,14,7,4
TW Graveney (Eng),1951-1969,25,35,1,1548,165,45.52,5,5,3,4
CH Lloyd (WI),1968-1981,23,33,1,1414,242*,44.18,3,5,1,4
PA de Silva (SL),1986-2001,67,104,7,4183,267,43.12,14,15,6,4
GR Viswanath (India),1969-1983,82,124,6,5081,222,43.05,12,31,8,4
ME Waugh (Aus),1992-2002,109,169,13,6572,153*,42.12,16,38,13,4
AF Kippax (Aus),1928-1932,17,21,0,883,146,42.04,2,7,1,4
HM Amla (SA),2006-2015,17,24,2,923,208,41.95,3,1,1,4
GP Thorpe (Eng),1994-2003,42,72,8,2658,138,41.53,4,17,4,4
IVA Richards (WI),1974-1990,35,41,3,1566,182*,41.21,4,9,2,4
KJ Hughes (Aus),1977-1984,39,64,3,2497,213,40.93,6,14,5,4
FE Woolley (Eng),1910-1930,19,22,2,809,154,40.45,1,5,3,4
AI Kallicharran (WI),1973-1981,39,57,6,2047,187,40.13,4,11,7,4
RA Smith (Eng),1988-1996,30,49,3,1834,175,39.86,5,10,4,4
JR Reid (NZ),1952-1965,35,53,3,1993,128,39.86,4,13,1,4
RT Ponting (Aus),2003-2012,19,27,1,1034,221,39.76,2,7,2,4
PJP Burge (Aus),1956-1966,21,33,3,1173,160,39.1,2,8,2,4
HA Gomes (WI),1978-1987,29,39,2,1436,127,38.81,5,3,2,4
N Hussain (Eng),1997-2004,47,73,5,2617,207,38.48,7,16,2,4
DI Gower (Eng),1978-1992,57,91,7,3223,173*,38.36,3,20,5,4
AJ Lamb (Eng),1982-1991,42,67,6,2340,139,38.36,8,7,5,4
MC Cowdrey (Eng),1954-1971,32,47,5,1608,119,38.28,4,8,2,4
RL Dias (SL),1982-1987,13,21,1,743,109,37.15,3,2,0,4
GN Yallop (Aus),1978-1981,11,22,1,772,121,36.76,3,2,2,4
Mushtaq Mohammad (Pak),1960-1979,31,48,3,1636,201,36.35,4,8,2,4
S Chanderpaul (WI),1998-2014,26,36,5,1121,166,36.16,2,7,2,4
KWR Fletcher (Eng),1969-1977,16,23,4,686,178,36.1,1,3,2,4
NJ Astle (NZ),1996-2006,17,25,3,786,125,35.72,2,4,0,4
VL Manjrekar (India),1952-1964,38,52,4,1714,177,35.7,3,10,6,4
DM Bravo (WI),2011-2015,17,26,1,889,166,35.56,2,3,1,4
SP Fleming (NZ),1994-2007,46,68,2,2331,129,35.31,2,20,9,4
MW Gatting (Eng),1980-1993,19,29,3,906,160,34.84,2,5,4,4
CG Borde (India),1959-1969,17,27,0,932,125,34.51,2,5,3,4
Javed Burki (Pak),1960-1965,18,29,2,927,140,34.33,2,3,3,4
BF Hastings (NZ),1969-1975,18,29,3,869,117*,33.42,2,5,4,4
MJK Smith (Eng),1959-1972,14,22,1,691,100,32.9,1,3,3,4
MP Vaughan (Eng),1999-2007,19,30,3,882,103,32.66,2,5,1,4
MG Burgess (NZ),1968-1979,17,27,2,812,101,32.48,1,6,1,4
MN Samuels (WI),2001-2016,25,42,0,1307,123,31.11,4,6,2,4
MJ Clarke (Aus),2005-2015,37,60,5,1701,187,30.92,5,4,1,4
MA Noble (Aus),1899-1909,16,23,1,661,133,30.04,1,5,1,4
AJ Stewart (Eng),1991-2000,15,23,1,648,164,29.45,1,2,2,4
CL Hooper (WI),1988-2002,28,45,4,1205,111,29.39,3,7,6,4
IR Bell (Eng),2005-2015,28,47,0,1331,167,28.31,3,10,5,4
AW Nourse (SA),1906-1924,33,51,2,1346,92*,27.46,0,9,3,4
Rajin Saleh (Ban),2003-2008,13,23,1,540,71,24.54,0,3,6,4
ADR Campbell (Zim),1992-2001,21,33,1,684,102,21.37,1,2,4,4
JM Parker (NZ),1976-1980,13,20,0,386,70,19.3,0,2,1,4
Mohammad Ashraful (Ban),2002-2011,21,38,0,530,77,13.94,0,2,7,4
JE Root (Eng),2013-2015,17,28,4,1755,200*,73.12,6,8,1,5
SPD Smith (Aus),2013-2014,15,22,4,1198,162*,66.55,4,6,1,5
SR Tendulkar (India),1993-2012,26,25,3,1442,169,65.54,5,6,2,5
AB de Villiers (SA),2006-2015,53,70,10,3740,278*,62.33,13,15,3,5
MJ Clarke (Aus),2004-2015,71,108,12,5931,329*,61.78,20,20,7,5
FMM Worrell (WI),1948-1962,17,23,3,1189,197*,59.45,3,9,3,5
CL Walcott (WI),1948-1960,23,31,4,1599,125,59.22,5,9,0,5
GS Sobers (WI),1955-1974,29,37,5,1895,178*,59.21,7,8,4,5
DCS Compton (Eng),1939-1957,16,22,5,968,147,56.94,3,3,0,5
MEK Hussey (Aus),2005-2013,25,37,5,1796,195,56.12,5,9,3,5
Javed Miandad (Pak),1976-1991,29,32,6,1458,163,56.07,3,10,2,5
GP Thorpe (Eng),1995-2005,46,70,14,3115,200*,55.62,10,15,2,5
Zaheer Abbas (Pak),1969-1985,35,42,4,2048,215,53.89,6,7,3,5
A Flower (Zim),1993-2002,51,78,12,3550,232*,53.78,8,21,3,5
Misbah-ul-Haq (Pak),2002-2015,48,75,12,3343,161*,53.06,9,22,3,5
SR Waugh (Aus),1985-2004,99,137,19,6208,200,52.61,21,27,11,5
AR Border (Aus),1979-1994,58,70,11,3071,200*,52.05,9,15,1,5
S Chanderpaul (WI),1996-2015,90,142,24,6078,203*,51.5,15,33,10,5
Inzamam-ul-Haq (Pak),1993-2007,39,49,7,2144,119,51.04,6,14,3,5
AD Mathews (SL),2011-2015,17,27,2,1258,122,50.32,3,8,0,5
M Azharuddin (India),1984-2000,69,91,5,4288,199,49.86,16,13,2,5
DB Vengsarkar (India),1976-1992,25,30,5,1244,164*,49.76,2,8,1,5
DI Gower (Eng),1978-1992,34,49,6,2131,200*,49.55,7,8,1,5
MC Cowdrey (Eng),1954-1970,42,54,6,2377,154,49.52,6,16,1,5
ER Dexter (Eng),1960-1964,15,21,3,867,126*,48.16,1,7,1,5
VVS Laxman (India),1996-2012,51,73,13,2870,200*,47.83,6,17,5,5
IVA Richards (WI),1974-1991,49,63,6,2720,208,47.71,6,18,6,5
KD Walters (Aus),1966-1977,32,49,4,2134,242,47.42,5,14,1,5
KC Bland (SA),1961-1966,16,23,2,995,127,47.38,2,5,2,5
KWR Fletcher (Eng),1969-1982,31,44,6,1774,216,46.68,5,9,2,5
PR Umrigar (India),1952-1962,32,45,3,1959,147*,46.64,8,7,0,5
R Edwards (Aus),1972-1975,15,20,2,839,115,46.61,1,8,2,5
CH Lloyd (WI),1966-1984,54,72,6,3049,163,46.19,8,14,1,5
BB McCullum (NZ),2007-2016,24,39,1,1742,302,45.84,5,4,4,5
LEG Ames (Eng),1930-1939,18,23,4,868,149,45.68,3,1,0,5
IR Bell (Eng),2004-2013,39,57,9,2178,199,45.37,7,11,4,5
TT Samaraweera (SL),2004-2013,56,86,10,3427,231,45.09,10,17,10,5
Mohammad Yousuf (Pak),1998-2010,42,63,2,2727,203,44.7,9,13,4,5
SJ McCabe (Aus),1930-1938,22,27,2,1114,187*,44.56,1,8,2,5
KLT Arthurton (WI),1992-1995,19,25,2,1018,157*,44.26,2,7,5,5
RA Smith (Eng),1988-1995,19,25,6,840,100*,44.21,1,8,1,5
EH Hendren (Eng),1924-1934,19,23,2,925,132,44.04,2,5,0,5
Yashpal Sharma (India),1979-1983,20,30,8,969,140,44.04,2,6,2,5
KP Pietersen (Eng),2005-2014,28,37,2,1535,158,43.85,4,7,2,5
TW Graveney (Eng),1952-1968,23,28,4,1046,118,43.58,1,10,1,5
Mushtaq Mohammad (Pak),1961-1977,17,24,1,998,121,43.39,4,5,1,5
JC Adams (WI),1994-2000,18,27,5,954,208*,43.36,3,2,2,5
V Kohli (India),2011-2015,17,22,2,859,107,42.95,3,5,1,5
BL D'Oliveira (Eng),1967-1972,26,40,4,1528,117,42.44,3,9,1,5
KR Miller (Aus),1946-1956,38,52,5,1973,145*,41.97,5,9,3,5
KF Barrington (Eng),1955-1968,25,31,3,1175,87,41.96,0,10,3,5
KJ Hughes (Aus),1978-1984,25,36,3,1360,130*,41.21,3,6,2,5
AG Prince (SA),2002-2011,36,58,8,2038,149,40.76,7,5,1,5
CL Hooper (WI),1988-2002,48,73,6,2723,233,40.64,6,13,2,5
M Leyland (Eng),1928-1937,19,23,1,894,161,40.63,2,3,3,5
AJ Lamb (Eng),1982-1992,33,49,4,1803,142,40.06,5,8,1,5
DS Lehmann (Aus),1998-2004,16,22,0,879,153,39.95,2,7,2,5
JH Kallis (ICC/SA),2001-2013,19,20,3,661,109*,38.88,1,4,0,5
MW Gatting (Eng),1978-1994,31,48,4,1709,183*,38.84,4,8,2,5
PD Collingwood (Eng),2003-2010,46,69,6,2430,186,38.57,5,11,4,5
PJP Burge (Aus),1956-1966,21,28,3,953,181,38.12,2,3,3,5
AI Kallicharran (WI),1973-1980,17,22,0,833,126,37.86,2,4,0,5
DM Jones (Aus),1984-1992,29,36,1,1317,157,37.62,3,7,6,5
Saleem Malik (Pak),1984-1998,42,53,5,1800,165,37.5,5,8,6,5
DPMD Jayawardene (SL),1999-2014,24,30,0,1123,129,37.43,2,7,1,5
Asif Iqbal (Pak),1965-1979,17,22,0,818,175,37.18,3,2,2,5
BC Booth (Aus),1963-1966,21,30,4,964,169,37.07,3,5,4,5
WW Armstrong (Aus),1903-1921,17,23,1,805,121,36.59,1,2,0,5
WJ Cronje (SA),1992-2000,36,54,2,1901,126,36.55,3,13,6,5
RA McLean (SA),1952-1962,22,31,2,1056,142,36.41,5,1,6,5
AM Rahane (India),2013-2015,15,26,2,872,147,36.33,3,4,3,5
NJ Astle (NZ),1996-2006,49,70,3,2391,222,35.68,5,14,8,5
SC Ganguly (India),1997-2008,57,87,6,2867,144,35.39,4,15,5,5
ND McKenzie (SA),2000-2004,21,29,3,917,103,35.26,1,5,1,5
ME Waugh (Aus),1991-2001,20,22,2,700,119,35,2,5,4,5
MR Ramprakash (Eng),1991-2001,21,32,2,1047,133,34.9,1,5,3,5
SP Fleming (NZ),1994-2005,18,21,1,691,92,34.55,0,4,0,5
GR Viswanath (India),1969-1982,18,21,3,619,161*,34.38,1,2,2,5
A Ranatunga (SL),1982-1998,53,76,3,2462,135*,33.72,2,17,10,5
MG Burgess (NZ),1968-1980,28,43,2,1316,111,32.09,2,6,2,5
GA Hick (Eng),1993-2000,23,35,3,1024,141,32,1,6,0,5
SM Patil (India),1980-1984,20,30,2,881,127,31.46,2,3,3,5
JN Rhodes (SA),1992-2000,18,23,3,628,91,31.4,0,4,1,5
AJ Stewart (Eng),1992-2001,26,41,4,1153,105,31.16,1,7,4,5
JR Reid (NZ),1952-1965,25,35,1,1051,142,30.91,2,6,2,5
JJ Crowe (NZ),1983-1988,17,25,2,695,128,30.21,2,2,3,5
KR Rutherford (NZ),1985-1995,23,38,2,1078,105,29.94,2,7,7,5
MJ Greatbatch (NZ),1988-1996,17,24,3,616,107*,29.33,1,1,1,5
BF Hastings (NZ),1969-1976,17,24,3,591,105,28.14,2,2,2,5
BP Patel (India),1974-1977,16,21,2,517,83,27.21,0,3,0,5
Mohammad Ashraful (Ban),2001-2010,29,49,2,1238,158*,26.34,3,4,5,5
MAK Pataudi (India),1962-1975,30,45,0,1183,113,26.28,1,8,5,5
SE Gregory (Aus),1893-1912,24,34,2,835,112,26.09,2,2,1,5
JV Coney (NZ),1980-1986,20,26,1,581,73,23.24,0,5,2,5
LRD Mendis (SL),1982-1987,15,21,1,458,124,22.9,1,3,1,5
S Chanderpaul (WI),1994-2014,34,42,8,2237,147*,65.79,6,15,1,6
Imran Khan (Pak),1974-1992,21,23,8,928,118,61.86,2,6,0,6
IR Bell (Eng),2006-2015,30,36,10,1500,140,57.69,6,8,2,6
Saleem Malik (Pak),1982-1999,34,36,8,1591,119*,56.82,4,8,0,6
AB de Villiers (SA),2005-2013,36,46,3,2371,217*,55.13,5,14,0,6
GS Sobers (WI),1955-1974,42,57,8,2614,174,53.34,8,11,4,6
AR Border (Aus),1978-1994,48,63,14,2556,153,52.16,6,17,5,6
MEK Hussey (Aus),2005-2012,18,26,2,1242,150*,51.75,5,4,2,6
MS Dhoni (India),2006-2014,15,21,1,1025,224,51.25,2,6,1,6
SR Waugh (Aus),1985-2003,66,79,17,3165,177*,51.04,6,16,7,6
VVS Laxman (India),1996-2011,47,62,10,2619,154*,50.36,5,19,3,6
RT Ponting (Aus),1995-2004,33,44,5,1958,197,50.2,7,8,6,6
AD Mathews (SL),2009-2015,33,49,9,1996,160,49.9,4,11,1,6
CH Lloyd (WI),1968-1985,40,47,4,2114,161*,49.16,6,13,2,6
DR Martyn (Aus),1992-2002,22,28,5,1113,133,48.39,4,6,4,6
KD Walters (Aus),1965-1981,34,45,6,1869,250,47.92,6,9,1,6
MJ Clarke (Aus),2004-2013,16,20,3,806,151,47.41,3,3,0,6
HP Tillakaratne (SL),1989-2004,48,64,11,2503,204*,47.22,6,10,3,6
Asad Shafiq (Pak),2010-2015,33,47,4,2026,137,47.11,6,11,2,6
JV Coney (NZ),1974-1987,34,48,9,1772,174*,45.43,2,10,1,6
MAK Pataudi (India),1962-1973,18,21,2,862,153,45.36,3,4,1,6
PD Collingwood (Eng),2003-2011,22,26,3,1009,135,43.86,3,5,1,6
SR Tendulkar (India),1989-2008,15,20,3,745,148*,43.82,2,4,1,6
Asif Iqbal (Pak),1965-1980,31,45,5,1750,166,43.75,6,6,4,6
CG Borde (India),1959-1968,20,25,4,918,177*,43.71,1,4,3,6
AW Greig (Eng),1972-1977,45,67,4,2741,148,43.5,7,15,2,6
SC Ganguly (India),1997-2008,33,43,5,1600,147,42.1,4,10,5,6
BA Stokes (Eng),2013-2016,17,29,0,1198,258,41.31,3,5,3,6
JN Rhodes (SA),1992-2000,34,47,5,1728,117,41.14,3,12,1,6
GS Blewett (Aus),1995-1999,18,28,2,1024,214,39.38,2,6,2,6
Yuvraj Singh (India),2003-2012,27,41,4,1435,169,38.78,3,9,4,6
CL Hooper (WI),1987-2002,24,35,3,1236,178*,38.62,3,5,2,6
Shakib Al Hasan (Ban),2007-2015,19,31,1,1153,144,38.43,2,6,1,6
MV Boucher (SA),1998-2010,21,22,2,767,108,38.35,1,6,1,6
A Ranatunga (SL),1982-2000,40,52,5,1793,131,38.14,2,13,2,6
TM Dilshan (SL),2000-2011,32,42,6,1349,145,37.47,2,6,4,6
MJ North (Aus),2009-2010,21,33,2,1150,128,37.09,5,4,5,6
DG Phadkar (India),1947-1953,15,20,2,656,115,36.44,1,6,1,6
HB Cameron (SA),1927-1935,17,22,1,761,90,36.23,0,7,0,6
M Azharuddin (India),1985-1999,26,31,3,993,163*,35.46,3,4,1,6
SM Katich (Aus),2001-2005,15,20,2,633,125,35.16,1,4,0,6
RJ Shastri (India),1981-1988,29,40,4,1262,142,35.05,5,1,5,6
CD McMillan (NZ),1997-2005,34,46,5,1409,107*,34.36,2,10,2,6
L Klusener (SA),1999-2001,16,22,3,649,118*,34.15,2,2,2,6
A Symonds (Aus),2004-2008,24,33,3,1024,162*,34.13,1,8,4,6
AJ Stewart (Eng),1990-2003,27,42,3,1327,123,34.02,1,10,4,6
Mushfiqur Rahim (Ban),2005-2015,19,29,1,942,200,33.64,2,3,4,6
Shoaib Malik (Pak),2003-2010,18,28,2,867,134,33.34,1,4,2,6
Wasim Raja (Pak),1973-1984,29,41,5,1197,112,33.25,2,6,3,6
AL Logie (WI),1983-1991,38,52,5,1559,98,33.17,0,13,7,6
JP Crawley (Eng),1994-2003,18,25,4,695,156*,33.09,1,3,2,6
DW Hookes (Aus),1977-1985,15,23,2,694,66*,33.04,0,5,1,6
Inzamam-ul-Haq (ICC/Pak),1992-2007,20,26,4,721,135*,32.77,2,4,4,6
MR Ramprakash (Eng),1991-2002,19,29,4,814,154,32.56,1,4,5,6
SA Thomson (NZ),1991-1995,17,30,3,879,120*,32.55,1,5,2,6
TE Bailey (Eng),1949-1959,31,38,6,1039,95,32.46,0,6,2,6
A Flintoff (Eng),2001-2009,47,66,5,1959,167,32.11,3,15,9,6
GJ Whittall (Zim),1993-2002,18,26,3,731,188*,31.78,2,3,2,6
PJL Dujon (WI),1981-1991,22,25,2,702,101,30.52,1,3,3,6
SK Raina (India),2010-2015,17,24,1,701,120,30.47,1,7,6,6
JC Adams (WI),1992-2000,21,31,6,761,98,30.44,0,5,4,6
MG Burgess (NZ),1968-1980,14,20,2,538,119*,29.88,2,2,1,6
Abdul Razzaq (Pak),1999-2006,17,23,4,566,72,29.78,0,2,0,6
GS Ramchand (India),1953-1960,20,28,3,741,109,29.64,2,3,2,6
AP Sheahan (Aus),1968-1972,19,30,2,820,114,29.28,1,3,2,6
IT Botham (Eng),1978-1992,66,94,2,2690,138,29.23,5,14,9,6
RJ Christiani (WI),1948-1954,13,20,2,501,99,27.83,0,3,0,6
V Pollard (NZ),1965-1973,15,25,2,634,116,27.56,1,4,2,6
MN Samuels (WI),2000-2014,17,28,2,709,117,27.26,1,6,6,6
JP Duminy (SA),2008-2015,18,25,2,622,166,27.04,1,4,4,6
BM McMillan (SA),1992-1998,16,23,4,510,103*,26.84,2,0,2,6
DJ Bravo (WI),2004-2010,33,50,1,1304,104,26.61,1,5,5,6
MJK Smith (Eng),1960-1966,19,26,3,576,121,25.04,2,0,5,6
JA Rudolph (SA),2003-2012,16,21,1,463,55,23.15,0,3,1,6
APE Knott (Eng),1969-1977,14,20,0,459,90,22.95,0,2,2,6
GP Thorpe (Eng),1993-2004,16,21,1,393,86,19.65,0,3,4,6
Alok Kapali (Ban),2002-2004,14,24,0,402,85,16.75,0,2,5,6
BM McMillan (SA),1992-1998,16,22,4,953,113,52.94,1,9,1,7
HP Tillakaratne (SL),1989-2004,19,22,8,701,136*,50.07,1,4,2,7
AC Gilchrist (Aus),1999-2008,78,97,14,3772,204*,45.44,11,18,13,7
GRJ Matthews (Aus),1984-1993,24,33,4,1317,128,45.41,3,10,1,7
CL Cairns (NZ),1992-2004,31,35,0,1531,158,43.74,3,11,0,7
Wasim Raja (Pak),1973-1985,24,31,5,1127,125,43.34,2,8,2,7
JDP Oram (NZ),2002-2009,16,21,6,646,126*,43.06,3,2,2,7
MJ Prior (Eng),2007-2014,62,78,13,2671,126*,41.09,4,19,8,7
APE Knott (Eng),1968-1980,61,81,11,2870,135,41,5,20,3,7
LEG Ames (Eng),1931-1938,19,24,3,849,137,40.42,2,5,2,7
IT Botham (Eng),1978-1992,31,36,3,1329,149*,40.27,6,3,1,7
BJ Haddin (Aus),2008-2015,62,92,13,3010,169,38.1,4,18,4,7
Sarfraz Ahmed (Pak),2010-2015,19,28,3,933,112,37.32,3,4,0,7
Moin Khan (Pak),1991-2004,38,41,3,1366,137,35.94,3,7,3,7
Imran Khan (Pak),1974-1990,51,63,10,1845,123,34.81,2,11,5,7
JM Parks (Eng),1960-1966,27,34,3,1046,108*,33.74,1,6,1,7
PJL Dujon (WI),1981-1991,55,69,6,2113,139,33.53,4,10,2,7
A Flintoff (Eng/ICC),1998-2009,39,52,3,1628,142,33.22,2,9,6,7
BJ Watling (NZ),2013-2016,24,37,3,1109,142*,32.61,2,5,4,7
SM Pollock (SA),1997-2006,36,49,11,1231,92,32.39,0,9,5,7
Sir RJ Hadlee (NZ),1973-1990,37,48,4,1415,151*,32.15,1,7,3,7
Mushfiqur Rahim (Ban),2007-2011,16,25,1,768,101,32,1,3,1,7
GE Gomez (WI),1948-1954,19,21,3,565,70,31.38,0,5,2,7
BB McCullum (NZ),2004-2013,28,41,2,1222,115,31.33,2,7,6,7
Kamran Akmal (Pak),2003-2010,31,43,4,1220,158*,31.28,3,6,6,7
N Kapil Dev (India),1978-1994,81,96,6,2785,163,30.94,5,13,7,7
MS Dhoni (India),2005-2014,71,103,9,2871,110,30.54,2,20,8,7
HAPW Jayawardene (SL),2006-2015,43,55,5,1509,154*,30.18,2,4,4,7
PA Patel (India),2002-2008,17,23,5,533,62*,29.61,0,2,2,7
KJ Wadsworth (NZ),1969-1976,23,31,3,814,80,29.07,0,5,2,7
RD Jacobs (WI),1998-2004,52,76,15,1767,118,28.96,3,9,9,7
Rashid Latif (Pak),1993-2002,15,22,4,512,150,28.44,1,1,2,7
RC Russell (Eng),1989-1998,37,49,9,1118,128*,27.95,2,3,7,7
IA Healy (Aus),1988-1999,90,120,11,3036,161*,27.85,4,17,14,7
G Miller (Eng),1977-1984,21,27,1,724,98,27.84,0,5,1,7
RS Kaluwitharana (SL),1992-2004,34,47,3,1186,132*,26.95,2,6,2,7
GO Jones (Eng),2004-2006,30,39,3,960,100,26.66,1,6,1,7
RW Marsh (Aus),1970-1983,84,123,9,3009,132,26.39,3,12,11,7
DL Murray (WI),1963-1980,38,51,2,1239,91,25.28,0,7,0,7
MV Boucher (SA),1998-2012,92,119,9,2770,95,25.18,0,17,11,7
JR Murray (WI),1993-2002,27,34,4,755,101*,25.16,1,2,6,7
Abdul Razzaq (Pak),2000-2006,23,33,2,779,90,25.12,0,4,3,7
AC Parore (NZ),1992-2002,34,47,6,1023,100*,24.95,1,3,3,7
DAJ Holford (WI),1966-1976,20,24,5,469,105*,24.68,1,1,2,7
ED Solkar (India),1969-1976,16,20,3,416,67,24.47,0,3,0,7
D Ramdin (WI),2005-2015,51,79,9,1702,166,24.31,3,6,6,7
SMH Kirmani (India),1976-1985,31,35,2,791,64,23.96,0,4,3,7
S Madan Lal (India),1974-1983,15,20,5,356,55*,23.73,0,1,1,7
AK Davidson (Aus),1953-1963,16,22,1,488,80,23.23,0,2,0,7
Wasim Akram (Pak),1987-1999,24,29,4,577,123,23.08,1,0,1,7
Intikhab Alam (Pak),1961-1975,21,28,2,600,138,23.07,1,2,3,7
PR Downton (Eng),1984-1988,16,20,3,386,74,22.7,0,2,2,7
R Illingworth (Eng),1959-1973,28,38,4,771,107,22.67,1,2,4,7
R Benaud (Aus),1952-1964,29,37,1,788,122,21.88,1,3,3,7
WK Lees (NZ),1976-1983,16,28,2,564,152,21.69,1,0,3,7
CC Lewis (Eng),1991-1996,13,21,0,444,117,21.14,1,1,3,7
C White (Eng),1995-2002,18,23,1,461,121,20.95,1,1,4,7
NR Mongia (India),1994-2001,22,30,5,522,80,20.88,0,3,3,7
CS Baugh (WI),2003-2012,17,25,2,463,68,20.13,0,3,1,7
HH Streak (Zim),1996-2005,17,27,1,522,83*,20.07,0,3,2,7
TG Evans (Eng),1947-1959,56,69,3,1294,104,19.6,1,6,10,7
DJ Richardson (SA),1992-1997,18,23,2,407,93,19.38,0,3,2,7
WAS Oldfield (Aus),1928-1937,16,20,3,311,52,18.29,0,1,2,7
Khaled Mashud (Ban),2000-2007,29,47,6,700,51,17.07,0,2,7,7
MV Boucher (ICC/SA),1998-2012,42,45,9,1362,122*,37.83,2,10,5,8
MJ Prior (Eng),2007-2014,25,22,5,620,118,36.47,2,3,4,8
DL Vettori (NZ),1997-2011,43,61,10,1848,140,36.23,3,11,4,8
PR Reiffel (Aus),1993-1998,17,24,8,560,79*,35,0,5,3,8
Kamran Akmal (Pak),2002-2010,22,28,2,874,154,33.61,3,2,3,8
N Kapil Dev (India),1978-1993,57,58,5,1777,116,33.52,2,11,6,8
PA Strang (Zim),1995-2000,18,23,7,534,106*,33.37,1,1,3,8
R Ashwin (India),2011-2015,25,36,6,983,124,32.76,2,4,2,8
SM Pollock (SA),1995-2008,60,79,21,1796,99*,30.96,0,6,3,8
RC Russell (Eng),1989-1998,18,20,6,422,64*,30.14,0,1,1,8
RG Nadkarni (India),1959-1968,16,20,4,472,78*,29.5,0,3,1,8
CL Cairns (NZ),1989-2004,23,28,2,760,82,29.23,0,7,2,8
KJ O'Keeffe (Aus),1971-1977,16,23,6,491,85,28.88,0,1,2,8
D Ramdin (WI),2005-2013,16,20,4,461,71,28.81,0,5,1,8
SMH Kirmani (India),1976-1986,38,43,7,1030,102,28.61,1,4,2,8
IK Pathan (India),2004-2008,17,20,2,514,102,28.55,1,2,3,8
IDS Smith (NZ),1982-1991,29,35,5,847,113*,28.23,1,5,3,8
JE Emburey (Eng),1980-1993,26,31,4,752,75,27.85,0,7,6,8
Sir RJ Hadlee (NZ),1973-1990,41,53,8,1235,103,27.44,1,6,5,8
Imran Khan (Pak),1971-1988,24,30,4,706,135*,27.15,1,0,1,8
BR Taylor (NZ),1965-1973,16,22,2,539,124,26.95,2,1,2,8
AK Davidson (Aus),1953-1963,19,22,3,504,77*,26.52,0,2,1,8
DJ Richardson (SA),1992-1998,21,27,4,606,109,26.34,1,3,5,8
IA Healy (Aus),1988-1999,35,43,9,872,71,25.64,0,3,3,8
KS More (India),1986-1993,21,23,4,487,73,25.63,0,2,3,8
MG Hughes (Aus),1989-1994,21,26,5,525,71,25,0,1,2,8
SCJ Broad (Eng),2007-2013,43,54,7,1128,76,24,0,8,7,8
TG Evans (Eng),1947-1957,32,41,6,833,104,23.8,1,2,4,8
CC Lewis (Eng),1990-1996,21,24,2,523,75*,23.77,0,2,3,8
APE Knott (Eng),1967-1981,27,33,3,705,92,23.5,0,5,3,8
MG Johnson (Aus),2009-2015,49,67,7,1385,123*,23.08,1,8,13,8
Harbhajan Singh (India),2001-2015,40,54,4,1146,115,22.92,2,5,8,8
WPUJC Vaas (SL),1995-2009,58,82,16,1475,90,22.34,0,6,7,8
MW Tate (Eng),1924-1931,17,20,0,446,54,22.3,0,4,2,8
Moin Khan (Pak),1990-2004,28,31,4,600,105,22.22,1,3,2,8
DJG Sammy (WI),2007-2013,29,45,1,938,106,21.31,1,3,7,8
PAJ DeFreitas (Eng),1986-1995,16,21,1,422,88,21.1,0,3,2,8
MD Marshall (WI),1980-1991,61,75,10,1365,92,21,0,7,12,8
R Illingworth (Eng),1958-1973,25,28,4,498,113,20.75,1,1,2,8
Wasim Akram (Pak),1986-2000,43,51,3,990,100,20.62,1,2,8,8
AF Giles (Eng),2000-2006,32,40,6,700,52,20.58,0,1,4,8
KD Ghavri (India),1974-1979,22,28,4,482,64,20.08,0,1,0,8
HH Streak (Zim),1993-2005,35,43,6,724,127*,19.56,1,2,7,8
SK Warne (Aus),1993-2007,89,110,8,1987,99,19.48,0,11,22,8
FJ Titmus (Eng),1955-1975,29,39,3,692,61,19.22,0,4,2,8
AC Parore (NZ),1990-2001,20,23,5,345,46,19.16,0,0,1,8
A Kumble (India),1994-2008,65,77,13,1218,110*,19.03,1,1,7,8
HDPK Dharmasena (SL),1993-2003,18,24,3,391,54,18.61,0,1,1,8
Saqlain Mushtaq (Pak),1996-2004,16,21,1,370,101*,18.5,1,1,2,8
J Briggs (Eng),1884-1895,15,20,1,348,57,18.31,0,1,2,8
DG Cork (Eng),1995-2001,16,21,3,321,59,17.83,0,1,0,8
S Abid Ali (India),1967-1974,14,20,2,317,58,17.61,0,2,2,8
DR Pringle (Eng),1982-1992,15,20,1,318,46*,16.73,0,0,2,8
WAS Oldfield (Aus),1928-1937,20,26,5,345,56*,16.42,0,1,5,8
B Yardley (Aus),1978-1983,23,37,0,563,74,15.21,0,2,7,8
PR Downton (Eng),1981-1986,16,22,4,270,54,15,0,1,1,8
RW Taylor (Eng),1977-1984,25,34,2,471,97,14.71,0,1,4,8
Fazal Mahmood (Pak),1952-1961,14,20,1,277,39,14.57,0,0,5,8
DAJ Bracewell (NZ),2011-2016,14,23,2,305,47,14.52,0,0,5,8
Wasim Bari (Pak),1969-1983,33,41,6,507,63,14.48,0,2,8,8
AR Caddick (Eng),1993-2001,15,20,3,241,45,14.17,0,0,5,8
GD McKenzie (Aus),1964-1970,17,24,1,325,76,14.13,0,1,3,8
CM Old (Eng),1972-1981,29,38,5,459,52,13.9,0,1,6,8
RJ Bright (Aus),1977-1986,15,21,4,235,33,13.82,0,0,2,8
AB Agarkar (India),1999-2004,14,21,3,240,109*,13.33,1,0,7,8
PM Siddle (Aus),2011-2016,19,20,1,253,49,13.31,0,0,4,8
Abdul Qadir (Pak),1980-1990,16,22,2,249,54,12.45,0,1,3,8
IR Bishop (WI),1992-1998,22,30,3,331,48,12.25,0,0,4,8
KD Ghavri (India),1975-1981,19,22,10,377,86,31.41,0,1,2,9
WPUJC Vaas (SL),1995-2007,31,40,12,799,69,28.53,0,4,1,9
IDS Smith (NZ),1981-1992,33,36,8,797,173,28.46,1,1,2,9
N Boje (SA),2000-2006,27,37,7,804,76,26.8,0,2,1,9
JJ Kelly (Aus),1896-1905,19,21,9,321,46*,26.75,0,0,3,9
KS More (India),1986-1993,24,29,8,536,67*,25.52,0,5,4,9
MA Starc (Aus),2012-2015,19,21,3,457,99,25.38,0,5,4,9
HH Streak (Zim),1993-2003,20,22,7,370,71*,24.66,0,2,5,9
RJ Harris (Aus),2010-2014,16,21,6,368,74,24.53,0,2,0,9
DL Vettori (ICC/NZ),1997-2012,39,47,6,977,137*,23.82,1,3,7,9
SCJ Broad (Eng),2008-2016,47,51,4,1111,169,23.63,1,2,7,9
GP Swann (Eng),2008-2013,34,41,4,858,85,23.18,0,5,3,9
DJ Nash (NZ),1992-2001,21,23,10,299,56,23,0,1,3,9
DW Steyn (SA),2007-2015,23,20,4,368,58,23,0,1,0,9
SMH Kirmani (India),1976-1985,25,25,7,412,67,22.88,0,1,1,9
J Srinath (India),1994-2002,25,29,3,573,76,22.03,0,3,3,9
Wasim Akram (Pak),1986-2001,31,29,1,615,66,21.96,0,3,3,9
B Lee (Aus),1999-2008,54,59,11,999,64,20.81,0,4,9,9
PR Reiffel (Aus),1992-1998,19,23,5,374,54*,20.77,0,1,2,9
Intikhab Alam (Pak),1962-1977,16,22,3,391,61,20.57,0,2,2,9
Sir RJ Hadlee (NZ),1974-1990,18,22,4,366,53*,20.33,0,2,3,9
AF Giles (Eng),1998-2005,28,36,7,578,59,19.93,0,1,5,9
HJ Tayfield (SA),1950-1960,22,29,6,441,66,19.17,0,1,2,9
JN Gillespie (Aus),1999-2005,32,39,10,535,54*,18.44,0,2,4,9
RW Taylor (Eng),1978-1983,19,22,6,291,64,18.18,0,1,3,9
Abdul Qadir (Pak),1979-1989,23,23,2,380,61,18.09,0,1,1,9
MA Holding (WI),1976-1987,22,23,0,403,73,17.52,0,3,4,9
BL Cairns (NZ),1975-1985,25,34,6,484,52*,17.28,0,1,3,9
JC Laker (Eng),1948-1959,22,31,4,456,63,16.88,0,2,3,9
DG Cork (Eng),1995-2002,17,20,2,301,56*,16.72,0,1,4,9
Mohammad Rafique (Ban),2000-2008,19,32,3,483,111,16.65,1,0,6,9
JE Emburey (Eng),1978-1993,28,39,11,445,57,15.89,0,1,6,9
Sarfraz Nawaz (Pak),1974-1984,29,34,4,472,55,15.73,0,2,3,9
SJ Benn (WI),2008-2014,18,25,4,329,42,15.66,0,0,5,9
CV Grimmett (Aus),1928-1936,21,24,4,311,50,15.55,0,1,5,9
RR Lindwall (Aus),1946-1960,29,37,3,528,100,15.52,1,2,8,9
TG Southee (NZ),2008-2015,27,46,4,650,56,15.47,0,2,6,9
PM Siddle (Aus),2009-2015,24,28,4,371,51,15.45,0,2,7,9
WW Hall (WI),1960-1967,14,20,2,272,37,15.11,0,0,1,9
Wasim Bari (Pak),1969-1983,26,30,5,376,72,15.04,0,1,4,9
PL Harris (SA),2007-2010,26,26,4,329,46,14.95,0,0,3,9
SK Warne (Aus),1992-2006,46,52,4,700,47,14.58,0,0,7,9
RC Motz (NZ),1961-1969,21,31,0,444,60,14.32,0,3,7,9
PAJ DeFreitas (Eng),1986-1995,22,26,2,341,55*,14.2,0,1,2,9
JA Snow (Eng),1965-1976,24,33,4,410,73,14.13,0,1,7,9
AV Bedser (Eng),1946-1954,23,26,5,293,37,13.95,0,0,6,9
MG Hughes (Aus),1989-1993,19,20,1,258,36,13.57,0,0,0,9
D Gough (Eng),1994-2003,24,28,3,333,65,13.32,0,2,5,9
HMRKB Herath (SL),1999-2015,39,56,11,593,49,13.17,0,0,13,9
NBF Mann (SA),1947-1951,15,22,1,276,52,13.14,0,1,4,9
A Kumble (India),1993-2008,41,40,4,470,88,13.05,0,3,5,9
PH Edmonds (Eng),1975-1987,20,22,3,248,48,13.05,0,0,1,9
S Venkataraghavan (India),1966-1979,21,27,4,295,64,12.82,0,1,3,9
KAJ Roach (WI),2011-2016,13,21,2,243,29,12.78,0,0,0,9
Harbhajan Singh (India),1999-2013,44,52,5,601,63,12.78,0,3,8,9
CJ McDermott (Aus),1985-1995,27,36,3,419,42*,12.69,0,0,7,9
GF Lawson (Aus),1980-1989,27,35,7,340,57*,12.14,0,1,3,9
CEL Ambrose (WI),1988-2000,72,97,16,973,53,12.01,0,1,22,9
FS Trueman (Eng),1957-1965,33,40,3,443,37,11.97,0,0,4,9
Mushtaq Ahmed (Pak),1990-2003,17,23,2,248,48*,11.8,0,0,3,9
JE Taylor (WI),2003-2015,22,30,2,327,31,11.67,0,0,5,9
DK Lillee (Aus),1974-1983,28,37,5,369,28,11.53,0,0,3,9
Z Khan (India),2001-2014,45,61,6,634,57*,11.52,0,2,14,9
VA Holder (WI),1969-1979,18,23,2,241,36*,11.47,0,0,3,9
GP Wickramasinghe (SL),1992-2001,17,26,2,271,51,11.29,0,1,8,9
ATW Grout (Aus),1957-1966,24,29,2,296,66*,10.96,0,1,6,9
EAS Prasanna (India),1967-1978,28,43,8,380,37,10.85,0,0,7,9
GD McKenzie (Aus),1963-1971,27,39,6,347,59,10.51,0,1,10,9
Umar Gul (Pak),2004-2013,28,37,4,342,65*,10.36,0,1,8,9
AR Caddick (Eng),1993-2003,20,29,3,253,48,9.73,0,0,7,9
Mashrafe Mortaza (Ban),2003-2009,15,24,1,217,63,9.43,0,1,9,9
Waqar Younis (Pak),1990-2003,32,42,5,341,39,9.21,0,0,8,9
DL Underwood (Eng),1969-1982,19,24,0,220,30,9.16,0,0,5,9
MJ Hoggard (Eng),2002-2008,34,38,9,239,38,8.24,0,0,7,9
Saqlain Mushtaq (Pak),1995-2004,17,22,1,145,34,6.9,0,0,7,9
M Dillon (WI),1999-2004,18,24,0,164,30,6.83,0,0,10,9
DBL Powell (WI),2002-2009,19,24,1,149,36*,6.47,0,0,9,9
PM Pollock (SA),1964-1970,15,20,7,292,41,22.46,0,0,1,10
FS Trueman (Eng),1953-1965,25,26,7,400,39*,21.05,0,0,2,10
DK Lillee (Aus),1971-1983,26,30,10,381,73*,19.05,0,1,3,10
SK Warne (Aus),1992-1998,17,21,5,303,37,18.93,0,0,2,10
SB Doull (NZ),1993-2000,17,25,6,347,46,18.26,0,0,5,10
SCJ Broad (Eng),2007-2016,21,20,6,250,37,17.85,0,0,5,10
Sarfraz Nawaz (Pak),1972-1984,18,23,3,352,90,17.6,0,2,2,10
CEL Ambrose (WI),1988-2000,20,28,10,311,30,17.27,0,0,2,10
A Kumble (India),1990-2008,20,21,7,235,29*,16.78,0,0,3,10
GAR Lock (Eng),1952-1968,18,21,5,267,56,16.68,0,2,2,10
M Morkel (SA),2006-2015,27,25,6,306,35*,16.1,0,0,2,10
VA Holder (WI),1969-1979,19,26,6,319,42,15.95,0,0,3,10
NS Yadav (India),1979-1987,27,30,10,313,43,15.65,0,0,2,10
BC Strang (Zim),1995-2001,16,23,6,265,42,15.58,0,0,2,10
WW Hall (WI),1958-1969,30,41,10,462,50,14.9,0,1,5,10
PM Siddle (Aus),2009-2015,26,27,5,321,38,14.59,0,0,4,10
GRA Langley (Aus),1951-1956,16,22,8,204,53,14.57,0,1,2,10
Iqbal Qasim (Pak),1977-1988,26,30,9,304,45*,14.47,0,0,3,10
D Gough (Eng),1994-2001,20,29,8,297,39*,14.14,0,0,7,10
JN Gillespie (Aus),1996-2005,34,34,13,283,46,13.47,0,0,7,10
EAS Prasanna (India),1968-1976,16,23,8,202,25*,13.46,0,0,3,10
SCG MacGill (Aus),1998-2006,21,24,3,279,43,13.28,0,0,6,10
DK Morrison (NZ),1987-1996,23,32,13,248,42,13.05,0,0,9,10
DW Steyn (SA),2006-2015,42,45,8,478,76,12.91,0,1,7,10
MA Holding (WI),1979-1986,24,26,4,283,69,12.86,0,2,6,10
CJ McDermott (Aus),1984-1996,37,39,7,409,35,12.78,0,0,6,10
Wasim Bari (Pak),1967-1984,22,25,11,174,37*,12.42,0,0,5,10
Waqar Younis (Pak),1990-2002,30,41,5,443,45,12.3,0,0,7,10
JR Thomson (Aus),1972-1985,24,35,10,302,44,12.08,0,0,11,10
M Ntini (SA),2000-2009,36,35,7,333,32*,11.89,0,0,7,10
DL Underwood (Eng),1966-1982,39,49,18,362,31,11.67,0,0,8,10
SJ Harmison (Eng/ICC),2002-2009,33,43,10,381,39,11.54,0,0,12,10
AME Roberts (WI),1974-1983,20,26,5,233,68,11.09,0,1,4,10
Z Khan (India),2001-2014,33,36,7,321,45,11.06,0,0,6,10
J Srinath (India),1994-2002,20,23,5,197,52*,10.94,0,1,7,10
RS Cunis (NZ),1964-1972,15,22,6,175,27,10.93,0,0,4,10
M Muralitharan (SL),1992-2010,40,47,11,383,36,10.63,0,0,8,10
AV Bedser (Eng),1946-1955,18,24,7,177,27*,10.41,0,0,3,10
GG Arnold (Eng),1972-1975,15,20,3,176,27,10.35,0,0,3,10
HMRKB Herath (SL),2004-2015,16,20,6,144,34*,10.28,0,0,3,10
MS Kasprowicz (Aus),1996-2006,32,43,9,348,25,10.23,0,0,4,10
RGD Willis (Eng),1971-1984,32,50,12,388,26,10.21,0,0,5,10
JW Gleeson (Aus),1968-1972,21,35,6,293,45,10.1,0,0,11,10
Mushtaq Ahmed (Pak),1990-2003,20,23,7,159,26,9.93,0,0,3,10
Shahadat Hossain (Ban),2005-2012,19,28,5,213,33,9.26,0,0,4,10
AA Donald (SA),1992-2001,43,53,14,360,37,9.23,0,0,9,10
RO Collinge (NZ),1965-1978,17,21,5,145,32,9.06,0,0,5,10
BS Bedi (India),1966-1978,46,69,17,470,50*,9.03,0,1,15,10
JM Anderson (Eng),2004-2016,46,48,11,331,29,8.94,0,0,8,10
IE O'Brien (NZ),2005-2009,17,26,4,195,31,8.86,0,0,6,10
Shoaib Akhtar (Pak),1998-2007,20,25,3,191,37,8.68,0,0,5,10
Danish Kaneria (Pak),2000-2010,16,20,3,146,26*,8.58,0,0,6,10
CA Walsh (WI),1986-2001,42,55,13,351,30*,8.35,0,0,13,10
FH Edwards (WI),2003-2012,25,37,10,217,30,8.03,0,0,6,10
I Sharma (India),2008-2015,36,40,8,250,31*,7.81,0,0,11,10
RM Hogg (Aus),1979-1984,21,29,8,162,14*,7.71,0,0,6,10
CD Collymore (WI),1999-2007,15,20,8,92,13*,7.66,0,0,3,10
JB Statham (Eng),1951-1963,22,31,5,192,22,7.38,0,0,4,10
J Garner (WI),1978-1987,29,29,6,169,37*,7.34,0,0,8,10
Mahmood Hussain (Pak),1952-1962,16,21,4,121,22,7.11,0,0,4,10
GP Wickramasinghe (SL),1993-2000,16,25,2,162,28,7.04,0,0,7,10
AR Caddick (Eng),1994-2002,27,35,3,221,20,6.9,0,0,6,10
S Ramadhin (WI),1950-1959,24,33,12,135,16*,6.42,0,0,8,10
SF Barnes (Eng),1901-1914,18,23,6,107,26*,6.29,0,0,7,10
ARC Fraser (Eng),1989-1998,26,30,7,119,17,5.17,0,0,6,10
PT Collins (WI),1999-2006,13,21,3,48,10,2.66,0,0,9,10
NM Lyon (Aus),2011-2016,42,39,25,290,40*,20.71,0,0,2,11
DL Underwood (Eng),1966-1981,22,27,17,182,45*,18.2,0,0,3,11
WA Johnston (Aus),1947-1955,30,33,22,159,28,14.45,0,0,4,11
TA Boult (NZ),2012-2016,32,43,21,317,38*,14.4,0,0,7,11
JR Thomson (Aus),1974-1985,19,24,10,201,24*,14.35,0,0,0,11
JB Statham (Eng),1951-1965,44,46,21,348,36*,13.92,0,0,9,11
AA Donald (SA),1992-2002,25,32,17,204,32,13.6,0,0,6,11
HJ Howarth (NZ),1969-1976,16,21,14,93,17*,13.28,0,0,1,11
RGD Willis (Eng),1971-1984,60,78,43,452,28*,12.91,0,0,7,11
AA Mailey (Aus),1920-1926,17,22,8,171,46*,12.21,0,0,2,11
J Srinath (India),1991-2002,19,20,10,122,31,12.2,0,0,1,11
SJ Harmison (Eng),2002-2009,26,29,10,225,42,11.84,0,0,6,11
AN Connolly (Aus),1963-1971,25,38,17,234,37,11.14,0,0,8,11
M Muralitharan (ICC/SL),1992-2009,75,90,39,557,43,10.92,0,0,20,11
I Sharma (India),2007-2015,34,39,27,130,23,10.83,0,0,8,11
T Richardson (Eng),1894-1898,12,21,7,149,25*,10.64,0,0,3,11
CEH Croft (WI),1977-1982,21,24,17,74,17*,10.57,0,0,3,11
JM Anderson (Eng),2003-2016,60,79,40,363,81,9.3,0,1,11,11
M Ntini (SA),1998-2009,62,74,36,341,22*,8.97,0,0,12,11
FJ Cameron (NZ),1961-1965,18,29,19,89,12,8.9,0,0,4,11
S Sreesanth (India),2006-2011,16,21,8,115,35,8.84,0,0,5,11
EJ Chatfield (NZ),1975-1989,43,52,31,176,21*,8.38,0,0,11,11
Mohammad Asif (Pak),2005-2010,19,26,12,115,29,8.21,0,0,6,11
GR Dilley (Eng),1980-1989,22,28,11,139,28,8.17,0,0,6,11
BS Bedi (India),1968-1979,22,27,11,130,22,8.12,0,0,5,11
NG Cowans (Eng),1982-1985,19,27,7,158,36,7.9,0,0,5,11
TM Alderman (Aus),1981-1991,35,42,20,173,23,7.86,0,0,7,11
C Blythe (Eng),1901-1910,15,23,9,107,20,7.64,0,0,3,11
GD McGrath (Aus),1993-2007,115,127,49,590,61,7.56,0,1,32,11
MJ Hoggard (Eng),2000-2007,19,23,12,82,17*,7.45,0,0,5,11
CA Walsh (WI),1984-2001,87,120,47,542,30,7.42,0,0,27,11
CD Collymore (WI),2003-2007,16,26,17,66,16*,7.33,0,0,7,11
ARC Fraser (Eng),1994-1998,14,21,8,95,32,7.3,0,0,2,11
M Morkel (SA),2010-2016,22,26,6,146,35*,7.3,0,0,9,11
SP Gupte (India),1952-1961,24,23,10,94,17*,7.23,0,0,3,11
Sikander Bakht (Pak),1976-1983,18,24,11,94,22*,7.23,0,0,3,11
AJ Bell (SA),1929-1935,15,20,11,63,26*,7,0,0,5,11
BP Patterson (WI),1986-1992,28,37,16,145,21*,6.9,0,0,7,11
H Strudwick (Eng),1910-1926,19,25,11,96,18,6.85,0,0,3,11
M Hendrick (Eng),1974-1981,24,28,15,89,10*,6.84,0,0,6,11
Danish Kaneria (Pak),2000-2010,45,57,28,193,29,6.65,0,0,17,11
DVP Wright (Eng),1946-1951,16,21,5,105,15*,6.56,0,0,6,11
Rubel Hossain (Ban),2009-2015,14,23,12,72,17,6.54,0,0,4,11
ND Hirwani (India),1988-1996,17,21,12,54,17,6,0,0,4,11
HK Olonga (Zim),1995-2002,18,25,8,102,22*,6,0,0,8,11
BKV Prasad (India),1996-2001,22,26,13,72,10*,5.53,0,0,6,11
MS Panesar (Eng),2006-2013,38,52,22,163,26,5.43,0,0,15,11
DE Malcolm (Eng),1989-1997,35,49,17,172,18,5.37,0,0,14,11
PCR Tufnell (Eng),1990-2001,33,42,23,96,19*,5.05,0,0,11,11
PR Adams (SA),1995-2001,24,28,8,100,29,5,0,0,6,11
LR Gibbs (WI),1963-1976,51,71,34,183,17,4.94,0,0,10,11
JD Higgs (Aus),1978-1981,18,27,14,64,11,4.92,0,0,4,11
AL Valentine (WI),1950-1962,33,46,20,128,14,4.92,0,0,11,11
BA Reid (Aus),1986-1992,22,28,13,73,8*,4.86,0,0,5,11
FH Edwards (WI),2003-2012,27,34,16,83,21,4.61,0,0,9,11
BS Chandrasekhar (India),1964-1979,58,75,38,164,22,4.43,0,0,19,11
NAT Adcock (SA),1953-1960,24,35,12,100,17,4.34,0,0,8,11
DR Doshi (India),1979-1983,32,36,9,117,20,4.33,0,0,14,11
N Pradeep (SL),2011-2015,16,28,9,71,17*,3.73,0,0,9,11
Maninder Singh (India),1983-1989,28,30,11,64,15,3.36,0,0,9,11
CN McCarthy (SA),1948-1951,15,23,15,23,4*,2.87,0,0,6,11
JV Saunders (Aus),1902-1908,14,21,6,36,11*,2.4,0,0,8,11
CS Martin (NZ),2000-2013,62,95,46,107,7,2.18,0,0,33,11
M Mbangwa (Zim),1996-2000,15,24,8,34,8,2.12,0,0,8,11